Customer_ID,Name,Email,Phone Number,City
2737,HARIKRISHNA K M,hk2737@example.com,(906) 670-4560,Indore
1499,Sarah Jacobs,sarahjacobs1499@gmail.com,(404) 638-7399,Powder Springs
45395,James Thompson,jamesthompson45395@gmail.com,(617) 325-4141,London
289936,Clinton Pine,clintonpine@gmail.com,(215) 449-0420,London
8366,Mr Benjamin Lott,benjaminlott1@gmail.com,(078) 326-6431,London
1777,Robert Schultz,,(316) 770-4233,Lawrence
2173,Mrs. Vieira,,(404) 404-1921,New York
33053,Rhonda Pace,,(801) 524-3578,London
101903,BHAVIK KUMAR PATEL,,(832) 315-4632,Cleveland
80117,Elaine Cater,,(310) 679-9045,Los Angeles
1825,Maria Alvarez,,(773) 477-2692,London
12980,Mr Ross D,rossd292@hotmail.co.uk,(123) 456-7890,India
1671,Josephine Reid,josephinereid1671@email.com,(989) 286-3397,Midland
1355,Stefano Mangione,steffo1990@gmail.com,(303) 545-4629,New York City
3934,John,john_777@example.com,(215) 393-8839,Belfast
5736,Ashling Souders,ashlingsouders@gmail.com,,San Antonio
1141,Tommy Edmunds,to@e-mail.com,,Louisville
10223,Mrs. Crystal Macias,cmacias@yahoo.com,,Austin
1561,Edward Sharp,edwardsharp10@gmail.com,,London
5002,Bao Quan,baoquan@example.com,,India
1401,Luanne Kilpatrick,luannekilpatrick@hotmail.com,,New Orleans
144856,"Dias, Denise",denisedias@gmail.com,(402) 864-2624,Omaha
1806,Micheal Watts,michealwatts4@hotmail.com,(443) 496-6207,Chandigarh
97835,Mr Fahmi,fahmi@email.com,(600) 775-7506,London
2260,Mrs. Haley Brooks,haleybrooks45@gmail.com,(215) 220-4903,Lexington
7879,"HALL, ALEXANDER EUGENE",aleexander.hall@gmail.com,(042) 818-7359,Cincinnati
179307,JAMES BRANDON,jbrandond@cox.net,(206) 366-3146,Seattle
7145,Olivia M. Wegner,oliviawegner@gmail.com,(616) 468-2865,Cincinnati
4937,AMERICAN AIRLINES INC,fsb2317180@aa.com,(469) 276-3015,Dallas
1386,Saima Begum,saimabegum1386@gmail.com,(323) 861-5073,Los Angeles
10319,Mr S Parmar,sparmar7@hotmail.com,(000) 000-0000,"Lancaster, CA"
2005,Gregory Smith,gregory.smith@mailinator.com,(808) 338-7961,San Francisco
7343,Soledad Jensen,soledadjensen0@yahoo.com,(613) 589-3606,Albany
2567,Mr. Lim Teng Loon,limtengloon@telkom.net,(622) 378-5141,Oakland
2454,SAMUEL BELKNAP,samuel.belknap@t-online.ru,(703) 455-4440,New Orleans
2484,Juanita Poole,jpoole6@pacbell.net,(248) 220-9672,Chester
5935,Carlos Salguero,carlos.salguero@gmail.com,(562) 321-0844,New York
19691,Mr. Bjorn Edin,bjorn.edin@gmail.com,(038) 275-3809,New York
2932,Mr. Thomas Martin,tmartin@mailinator.com,(401) 213-4758,Bristol
1403,Jeremy Wilson,jeremywilson@outlook.com,(123) 456-7890,Mumbai
10061,HARRISON MARTINEZ,harrisonmartinez@hotmail.com,(623) 472-0177,London
10062,Mr. Peter,peterdavis100@gmail.com,(604) 998-5210,nashville
15429,CHRISTOPHER LAWRENC,christopherl@yahoo.com,(918) 800-2400,London
1618,Michael Tang,mtang54@gmail.com,(805) 462-5494,Pasadena
7022,DEBORAH SANSON,carol@example.com,(212) 577-5999,Washington
19749,JOSHUA KLEIN,joshuaklein@hotmail.com,(336) 325-3903,Baltimore
37013,Ashley Curry,ashleycurry@gmail.com,(515) 454-8922,"Lakewood, Ohio"
3878,Jackson George,jacksongeorge5@gmail.com,(239) 266-0333,Washington
2388,Brianna Portillo,briannaportillo74@yahoo.com,(747) 216-2875,New York
1557,Alan Dickson,alan.dickson@hushmail.com,(707) 219-2839,India
11215,Carlos Nguyen,carlos.nguyen@gmail.com,(832) 234-1196,Santa Clarita
25733,JIMY ANTHONY,jimyanthony350@blur.com,(123) 456-7890,Cincinnati
1040,JOSHUA SERGIO,joshuasergio@yahoo.co.uk,(123) 456-7891,London
1249,MRS. MARIA L. MAYORCA,maria.mayorca@gmail.com,(949) 704-4809,Melbourne
3405,Ezra Echevarrieta,ezra.echevarrieta@gmail.com,(214) 386-2386,Cincinnati
1201,Steven Stark,sstark@gmail.com,(503) 377-6594,London
113237,KATHLEEN I. FULTON,kfulton19@gmail.com,(203) 768-8408,Fairfield
20249,Michael Owen,michaelowen6@gmail.com,(336) 624-8071,Portland
2727,João Carlos da Silva,jcarsilva71@gmail.com,(849) 854-9995,New York
3152,JULIANA GREGO,juliana_grego@email.com,(123) 456-7890,Bangalore
10125,Tajinder Pal Singh,tajinderpalsingh@gmail.com,(079) 111-1111,Washington
16483,Ana Sofia,anassofia159@hotmail.com,(386) 223-1646,Seattle
16231,Mrs. Amlan Sengupta,senguptaamlan11@gmail.com,(718) 281-8568,India
3261,Andrew W. Vail,andrewvail89@gmail.com,(123) 456-7890,New York
1618,Shaun Cherry,shauncherry@yahoo.com,(720) 289-8348,United States
4157,Jeremy Bates,jeremy.bates@zmr.com,(844) 966-7109,Kansas City
2329,Laurie Hahn,LaurieHahn6@gmail.com,(720) 244-9969,London
2890,Mr. Joseph M. Hersch,joseph.hersch@yahoo.com,(302) 469-7855,"Fairfield, Connecticut"
2575,N. N. Novikov,nnovikov@xmail.com,(900) 501-5462,"Berkeley, California"
10225,Robert R. Weaver,robert.weaver@yahoo.com,(413) 398-5704,India
10914,FARRINGTON FRANKLIN,ffarrrington@navtec-energy.com,(512) 680-1118,Chillicothe
6735,Michael Owens,michaelowens@email.com,(205) 260-9009,Mountain View
3886,SARAH STARCZYK,sarah.starczyk@hotmail.com,(613) 339-5885,London
3758,James Thomas,james.thomas@gmail.com,(212) 555-0176,New Orleans
3656,Mrs. N. Vijay,n.vijay@mail.com,(916) 641-6496,London
2033,Tamara Lopez,tamara.lopez@gmail.com,(347) 716-0305,Omaha
3475,Rebecca Mills,rebeccamills21@yahoo.com,(860) 494-5776,"West Hartford, CT"
7052,Mr Thomas Wg,thomaswg@gmx.net,(319) 720-7073,Tallahassee
3568,Mr. Brian Hurt,brianhurt1@yahoo.com,(561) 320-5450,Los Angeles
85032,Brian Wilson,brian.wilson@yahoo.com,(614) 689-4440,Knoxville
1333,mr. William Evans,willevans82@gmail.com,(402) 593-7547,London
2319,Robin Koller,robin.koller@example.com,(123) 456-7890,New York City
8698,Shawn Wickline,shawnwickline@gmail.com,(614) 248-4319,London
89339,Rachael Kraft,rachaelkraft@hotmail.com,(512) 574-9725,India
1308,Ruby Walker,llya.cummings@gmail.com,(304) 325-9212,London
1009,Bob Blennerhassett,bob@blennerhassett.com,(602) 653-4376,Seattle
1002,Jeffrey George,jgeorge0@hotmail.com,(541) 482-0171,Waukesha
3213,Mrs. Teresa Hinkle,teresahinkle12@yahoo.com,(214) 246-3552,London
4439,William Zhu,william.zhu@example.org,(123) 456-7890,London
26570,Bradford A. Wynn,bradford.wynn@yahoo.com,(029) 905-5575,Baltimore
11550,Mrs. Fahmy Kheir,fkheir2@gmail.com,(617) 530-1954,New York
1322,Lori Simon,lori.simon@gmail.com,(937) 285-3246,Birmingham
3529,MR.SYED AAMIR HUSSAIN,syedaamirhussain@yahoo.com,(202) 260-8644,North Las Vegas
4144,Neeraj Bansal,neerajbansal0@gmail.com,(912) 473-4064,London
6387,吳畅哲,ad08680@yahoo.com.tw,(091) 651-8876,London
23565,"LAPARADE, QUINTANA",laparadeq@gmail.com,(999) 999-9999,Las Vegas
2137,Brandon Rohan,brandon.rohan@gmail.com,(011) 695-0778,London
1018,Ms. Kamiya B. Martin,Kamiyabmartin@yahoo.com,(360) 642-1566,Woodside
220011,"JACKSON, STEPHEN",stephenj@sweetwaternow.com,(707) 276-3483,Kansas City
1478,Mr Samuel,sjohnson53@hotmail.com,(171) 310-7324,New York
19837,"BLACK, NATHAN",nblack1@nintendo-network.com,(972) 252-6630,Huntsville
6710,Chris Schultz,chrisschultz@gmail.com,(717) 391-2745,Budd Lake
13903,Mr. Vasily Kovalev,vasilykovalev@yahoo.com,(424) 226-4746,New York
788834,Mr Kamarul Arif Ismail,kamarul.arif.ismail@example.com,(658) 375-4435,"London, UK"
50990,Bruce Chan,Brucechan@outlook.com,(202) 555-0155,"New Delhi, Delhi, India"
1573,Mrs. Shadine Giles,shadinegiles@hotmail.com,(215) 730-3379,Albuquerque
1521,DANNY JAMES,dannyj@fakemailgenerator.com,(555) 030-9914,Los Angeles
30927,Mrs. Anita Madhavan,anita.madhavan@gmail.com,(012) 345-6789,Las Vegas
74290,Paula Arias,aparias12@gmail.com,(305) 793-9096,Sprechen
91452,MR GERRIT JAN LOUW,mrgeritjanlouw@gmail.com,(012) 645-8254,Sydney
1024,Carlos Jones,carlosjones@test.com,(508) 258-1648,New York
20021,Nguyen Van A,nguyenvana@email-example.com,(012) 234-5678,New York
18921,Jayde Zavala,jaydezavala@find-email.com,(509) 557-7214,Vancouver
5555,Giorgi Giorg,giorgigiorgi@yahoo.com,(301) 912-2793,Los Angeles
2576,SALAHUDDIN SAEED,salahuddinsaeed@email.com,(171) 471-5290,London
1381,Matthew Sharp,msharp5@yahoo.com,(123) 456-7890,London
79369,Mr Michael Nwodo,Michaelnwodo@hotmail.com,(234) 703-3448,Houston
52162,Mr Vijay Kumar,vijay.kumar@mailinator.com,(425) 622-2453,Jaipur
10904,Mohammed Al-Mohaimeed,mohammed.al-mohaimeed@t-online.de,(966) 588-0465,London
1024,Ryan Mccartney,ryan.mccartney@gmail.com,(304) 594-5855,Ansonia
2737,HARIKRISHNA K M,hk2737@example.com,(906) 670-4560,Indore
1499,Sarah Jacobs,sarahjacobs1499@gmail.com,(404) 638-7399,Powder Springs
45395,James Thompson,jamesthompson45395@gmail.com,(617) 325-4141,London
289936,Clinton Pine,clintonpine@gmail.com,(215) 449-0420,London
8366,Mr Benjamin Lott,benjaminlott1@gmail.com,(078) 326-6431,London
